"conversation_id_str","created_at","favorite_count","full_text","id_str","image_url","in_reply_to_screen_name","lang","location","quote_count","reply_count","retweet_count","tweet_url","user_id_str","username"
"1986596306794537196","Fri Nov 07 00:47:23 +0000 2025","0","ME ESTOY RE JIJEANDO AJENWEMQMMJQKAKKSLAJEKDMWHDNDJWWHSJHJDHW","1986596306794537196","","","et","","0","0","0","https://x.com/undefined/status/1986596306794537196","1875384015210860544",
"1986594714074947658","Fri Nov 07 00:41:03 +0000 2025","0","D-506 ฉันจะรอเธอ~~ มอร์นิ่งวันศุกร์วันแห่งความสุข ขอให้ทุกอย่างราบรื่นและผ่านไปด้วยดีนะครับ คิดถึงงงง 𝓗𝓪𝓿𝓮 𝓪 𝓷𝓲𝓬𝓮 𝓭𝓪𝔂 Always Think About Gyeom #ShallWeDance_Yugyeom #InterlunarTimeWithYugyeom #인터루나타임과_유겸 #YUGYEOM #유겸 @yugyeom https://t.co/JPcrtZXqVb","1986594714074947658","https://pbs.twimg.com/media/G5HNW6PbIAUJW36.jpg","","th","","0","0","0","https://x.com/undefined/status/1986594714074947658","1427881407422943235",
"1982293065311133731","Fri Nov 07 00:39:17 +0000 2025","0","@neingie ENGGA KOKKK. WIG AJA WIG MASIH PANJANG. ‍↕️","1986594266920198286","","neingie","in","","0","0","0","https://x.com/undefined/status/1986594266920198286","1621772832421314560",
"1986591926485946710","Fri Nov 07 00:29:59 +0000 2025","0","aku updatenya - heehoon - hoonseung - heehoon - hoonseung biar adil ya adik adik jangan tanya terus kek bocah kok gak heehoon lagi ","1986591926485946710","","","in","","0","0","0","https://x.com/undefined/status/1986591926485946710","1430184130570964999",
"1986582338894221568","Fri Nov 07 00:28:36 +0000 2025","0","@2022810MZDAO ともららちゃん ﾟ* (*･ω･*)おはよう ( *´꒳`*)ฅ ｲｯﾃﾗｯｼｬｲ 楽しんできてね︎","1986591581139575224","","2022810MZDAO","ja","","0","0","0","https://x.com/undefined/status/1986591581139575224","1578340249318854657",
"1986414618273857537","Fri Nov 07 00:26:55 +0000 2025","0","@iQIYI_Thailand งู้ยยยยย รอเจอน้ำหนึ่งเนยที่บ้านพี่อ้ายเยยค้าบ #iQIYIiJOYTH2026 #น้ำหนึ่งเนย #NamneungNoey #NamneungMilinD #NoeyKanteera ","1986591156894130537","","iQIYI_Thailand","th","","0","0","0","https://x.com/undefined/status/1986591156894130537","848070216",
"1986590998806601860","Fri Nov 07 00:26:17 +0000 2025","0"," ga harus riwoo GAKK HARUS RIWOO POKOKNYAAA","1986590998806601860","","","in","","0","0","0","https://x.com/undefined/status/1986590998806601860","1426546162018897928",
"1986590616567078985","Fri Nov 07 00:24:46 +0000 2025","0","이태 이 녀석~!~!~!~!~!~!~!!!!!~!~!~!~!~!~!~!~!~!~!~!!~!!~!~","1986590616567078985","","","ko","","0","0","0","https://x.com/undefined/status/1986590616567078985","1771166139810562048",
"1986585068450816002","Fri Nov 07 00:16:26 +0000 2025","0","@ioohja คุมโอ้!! 555555555555555 เดือนนี้แหละค่ะ เดือนนี้ ","1986588518811099147","","ioohja","th","","0","1","0","https://x.com/undefined/status/1986588518811099147","1495695274924441601",
"1986588407871758348","Fri Nov 07 00:16:00 +0000 2025","0","SERU BGT SAMPE INGIN MENGATAKAN.. WHEN YESSSSSSSSSSSSSSSSSSSSSS","1986588407871758348","","","in","","0","0","0","https://x.com/undefined/status/1986588407871758348","1108263439",
"1986588347184390492","Fri Nov 07 00:15:45 +0000 2025","1","Oh my god️","1986588347184390492","","","en","","0","0","0","https://x.com/undefined/status/1986588347184390492","1119815376160739328",
"1986588292440334350","Fri Nov 07 00:15:32 +0000 2025","5","Aku nak Ipong (Carats nya juga bowleh )","1986588292440334350","","","in","","0","1","0","https://x.com/undefined/status/1986588292440334350","1751944189003341824",
"1986258945825276372","Fri Nov 07 00:15:28 +0000 2025","0","@SS02NINGNING ARGH JANGAN DIINGETIN! AKU BELOM BISA BELI HUWAAAAAA","1986588276678082738","","SS02NINGNING","in","","0","0","0","https://x.com/undefined/status/1986588276678082738","1886430253826072576",
"1986580749404021079","Fri Nov 07 00:13:23 +0000 2025","4","@Arkana_Buana @newIding30 @Sammi86Reborn @Bambang01250678 @RPrima789 @Lullaby1237431 @jogjapokeid @Hermoyliana @EviDrajat @Yoen__AR @RickyKardjono @RatnaPuspi16942 @SungaiNil3 @JokoS1561615 @Manse_Mangat @albert_morafia @LexMarteg @SonyaAmriani Selamat pagi Bro @Arkana_Buana ️ Salam sehat &amp; Slmt hari Jum'at Berkah met aktifitas ttp semangat Bro..️","1986587749487611908","","Arkana_Buana","in","","0","1","1","https://x.com/undefined/status/1986587749487611908","809306945869860864",
"1986587395949797548","Fri Nov 07 00:11:58 +0000 2025","0","De madrugá de madrugá de madrugá de madrugá ️️️","1986587395949797548","","","es","","0","0","0","https://x.com/undefined/status/1986587395949797548","504692812",
"1986585068450816002","Fri Nov 07 00:09:10 +0000 2025","0","@dipsyydaisyy เราเริ่มต้นใหม่ได้เสมอ เหมือนกินลำไยแล้วอร่อยจัง","1986586690224595123","","dipsyydaisyy","th","","0","0","0","https://x.com/undefined/status/1986586690224595123","1495695274924441601",
"1986584079169720657","Fri Nov 07 00:08:41 +0000 2025","1","@Heeekary ㅋㅋㅋ ㅋㅋ ㅋㅋㅋㅋ ㅋㅋ ㅋㅋㅋㅋ ㅋㅋ ㅋㅋㅋㅋ ㅋㅋ ㅋㅋㅋㅋ ㅋㅋ ㅋㅋㅋㅋ ㅋㅋ ㅋㅋㅋㅋ ㅋㅋ ㅋㅋㅋㅋ ㅋㅋ ㅋㅋㅋㅋ ㅋㅋ ㅋ","1986586568585585133","","Heeekary","ko","","0","0","0","https://x.com/undefined/status/1986586568585585133","1539234300301676544",
"1986438462594293921","Fri Nov 07 00:07:58 +0000 2025","0","@Shinyutopias HAPPY BIRTHDAY! SEMOGA DI USIA YANG BARU INI LEBIH BANYAK HAL BAIK DAN BAHAGIA MENGHAMPIRI. SEHAT DAN BAHAGIA SELALU YA. JANGAN LUPA TIUP LILIN! HAPPY SHINYU DAY #신유생일축하할시간은있고 #HAPPY_SHINYU_DAY https://t.co/GY4HwpqVSJ","1986586387404234914","https://pbs.twimg.com/media/G5HFynxaIAAct6P.jpg","Shinyutopias","in","","0","0","1","https://x.com/undefined/status/1986586387404234914","1167724406455427072",
"1986586354537427457","Fri Nov 07 00:07:50 +0000 2025","2","te amo jakehoon te amo jakehoon te amo jakehoon te amo jakehoon te amo jakehoon te amo jakehoon te amo jakehoon te amo jakehoon te amo jakehoon te amo jakehoon","1986586354537427457","","","fi","","0","1","0","https://x.com/undefined/status/1986586354537427457","1703978161514369024",
